County_Name,One_Year_File_Name,Five_Year_File_Name,Surface_ID,Surface_Station,Surface_Station_ID,Surface_Station_Latitude,Surface_Station_Longitude,Surface_Station_Elevation_meters,Surface_Station_Anemometer_Height_meters,Upper_Air_ID,Upper_Air,Upper_Air_Station_ID,Upper_Air_Station_Latitude,Upper_Air_Station_Longitude,Upper_Air_Station_Elevation_meters,Albedo,Bowen_Ratio,Empty,Year_2016,Year_2017,Year_2018,Year_2019,Year_2020,Year_2021,Year_2022
Anderson,anderson1y.zip,anderson5y.zip,CRS,CORSICANA CAMPBELL FLD,53912,32.031,-96.399,136,10.06,SHV,Shreveport,13957,32.45,-93.83,84,0.2,0.37,NA,,X,X,X,X,X,NA
Andrews,andrews1y.zip,andrews5y.zip,MAF,MIDLAND INTL AP,23023,31.948,-102.209,872.3,7.92,MAF,Midland,23023,31.93,-102.2,873,0.29,1.58,NA,,X,X,X,X,X,NA
Angelina,angelina1y.zip,angelina5y.zip,LFK,LUFKIN ANGELINA CO AP,93987,31.236,-94.754,96.3,7.92,SHV,Shreveport,13957,32.45,-93.83,84,0.18,0.37,NA,,X,X,X,X,X,NA
Aransas,aransas1y.zip,aransas5y.zip,RKP,ROCKPORT ARANSAS CO AP,12972,28.084,-97.046,5.8,10.06,CRP,Corpus Christi,12924,27.77,-97.5,14,0.26,0.85,NA,,X,X,X,X,X,NA
Archer,archer1y.zip,archer5y.zip,SPS,WICHITA FALLS MUNI AP,13966,33.979,-98.493,313.9,10.06,FWD,Fort Worth,3990,32.8,-97.3,196,0.28,0.66,NA,,X,X,X,X,X,NA
Armstrong,armstrong1y.zip,armstrong5y.zip,AMA,AMARILLO INTL AP,23047,35.23,-101.704,1098.5,10.06,AMA,Amarillo,23047,35.23,-101.7,1095,0.29,1.5,NA,,X,X,X,X,X,NA
Atascosa,atascosa1y.zip,atascosa5y.zip,HDO,HONDO MUNI AP,12962,29.367,-99.167,283,10.06,CRP,Corpus Christi,12924,27.77,-97.5,14,0.29,0.86,NA,,X,X,X,X,X,NA
Austin,austin1y.zip,austin5y.zip,CLL,COLLEGE STN,3904,30.589,-96.365,100,7.92,CRP,Corpus Christi,12924,27.77,-97.5,14,0.27,0.6,NA,,X,X,X,X,X,NA
Bailey,bailey1y.zip,bailey5y.zip,DHT,DALHART MUNI AP,93042,36.02,-102.55,1216,10.06,AMA,Amarillo,23047,35.23,-101.7,1095,0.28,1.5,NA,,X,X,X,X,X,NA
Bandera,bandera1y.zip,bandera5y.zip,HDO,HONDO MUNI AP,12962,29.367,-99.167,283,10.06,CRP,Corpus Christi,12924,27.77,-97.5,14,0.18,0.8,NA,,X,X,X,X,X,NA
Bastrop,bastrop1y.zip,bastrop5y.zip,AUS,AUSTIN BERGSTROM AP,13904,30.183,-97.68,150.9,10.06,FWD,Fort Worth,3990,32.8,-97.3,196,0.23,0.6,NA,,X,X,X,X,X,NA
Baylor,baylor1y.zip,baylor5y.zip,SPS,WICHITA FALLS MUNI AP,13966,33.979,-98.493,313.9,10.06,FWD,Fort Worth,3990,32.8,-97.3,196,0.28,0.85,NA,,X,X,X,X,X,NA
Bee,bee1y.zip,bee5y.zip,ALI,ALICE INTL AP,12932,27.741,-98.025,54.9,10.06,CRP,Corpus Christi,12924,27.77,-97.5,14,0.29,0.85,NA,,X,X,X,X,X,NA
Bell,bell1y.zip,bell5y.zip,ACT,WACO RGNL AP,13959,31.619,-97.228,154.8,10.06,FWD,Fort Worth,3990,32.8,-97.3,196,0.26,0.6,NA,,X,X,X,X,X,NA
Bexar,bexar1y.zip,bexar5y.zip,SAT,SAN ANTONIO INTL AP,12921,29.544,-98.484,246.6,10.06,CRP,Corpus Christi,12924,27.77,-97.5,14,0.35,0.74,NA,,X,X,X,X,X,NA
Blanco,blanco1y.zip,blanco5y.zip,BMQ,BURNET MUNI AP,3999,30.741,-98.235,392.6,10.06,FWD,Fort Worth,3990,32.8,-97.3,196,0.18,0.76,NA,,X,X,X,X,X,NA
Borden,borden1y.zip,borden5y.zip,LBB,LUBBOCK INTL AP,23042,33.666,-101.823,987.9,10.06,MAF,Midland,23023,31.93,-102.2,873,0.28,1.5,NA,,X,X,X,X,X,NA
Bosque,bosque1y.zip,bosque5y.zip,ACT,WACO RGNL AP,13959,31.619,-97.228,154.8,10.06,FWD,Fort Worth,3990,32.8,-97.3,196,0.25,0.6,NA,,X,X,X,X,X,NA
Bowie,bowie1y.zip,bowie5y.zip,GGG,LONGVIEW E TX RGNL AP,3901,32.385,-94.712,113.7,10.06,SHV,Shreveport,13957,32.45,-93.83,84,0.24,0.37,NA,,X,X,X,X,X,NA
Brazoria,brazoria1y.zip,brazoria5y.zip,LBX,ANGLETON BRAZORIA AP,12976,29.11,-95.462,7.3,10.06,LCH,Lake Charles,3937,30.12,-93.22,5,0.26,0.57,NA,,X,X,X,X,X,NA
Brazos,brazos1y.zip,brazos5y.zip,CLL,COLLEGE STN,3904,30.589,-96.365,100,7.92,FWD,Fort Worth,3990,32.8,-97.3,196,0.24,0.59,NA,,X,X,X,X,X,NA
Brewster,brewster1y.zip,brewster5y.zip,FST,FT STOCKTON PECOS AP,23091,30.912,-102.916,917,10.06,DRT,Del Rio,22010,29.37,-100.92,313,0.32,2.2,NA,,X,X,X,X,X,NA
Briscoe,briscoe1y.zip,briscoe5y.zip,AMA,AMARILLO INTL AP,23047,35.23,-101.704,1098.5,10.06,AMA,Amarillo,23047,35.23,-101.7,1095,0.28,1.5,NA,,X,X,X,X,X,NA
Brooks,brooks1y.zip,brooks5y.zip,ALI,ALICE INTL AP,12932,27.741,-98.025,54.9,10.06,CRP,Corpus Christi,12924,27.77,-97.5,14,0.27,1.5,NA,,X,X,X,X,X,NA
Brown,brown1y.zip,brown5y.zip,ABI,ABILENE RGNL AP,13962,32.411,-99.682,545.6,10.06,FWD,Fort Worth,3990,32.8,-97.3,196,0.22,0.81,NA,,X,X,X,X,X,NA
Burleson,burleson1y.zip,burleson5y.zip,CLL,COLLEGE STN,3904,30.589,-96.365,100,7.92,FWD,Fort Worth,3990,32.8,-97.3,196,0.23,0.6,NA,,X,X,X,X,X,NA
Burnet,burnet1y.zip,burnet5y.zip,BMQ,BURNET MUNI AP,3999,30.741,-98.235,392.6,10.06,FWD,Fort Worth,3990,32.8,-97.3,196,0.18,0.68,NA,,X,X,X,X,X,NA
Caldwell,caldwell1y.zip,caldwell5y.zip,AUS,AUSTIN BERGSTROM AP,13904,30.183,-97.68,150.9,10.06,FWD,Fort Worth,3990,32.8,-97.3,196,0.24,0.63,NA,,X,X,X,X,X,NA
Calhoun,calhoun1y.zip,calhoun5y.zip,RKP,ROCKPORT ARANSAS CO AP,12972,28.084,-97.046,5.8,10.06,CRP,Corpus Christi,12924,27.77,-97.5,14,0.26,0.83,NA,,X,X,X,X,X,NA
Callahan,callahan1y.zip,callahan5y.zip,ABI,ABILENE RGNL AP,13962,32.411,-99.682,545.6,10.06,FWD,Fort Worth,3990,32.8,-97.3,196,0.25,0.85,NA,,X,X,X,X,X,NA
Cameron,cameron1y.zip,cameron5y.zip,BRO,BROWNSVILLE INTL AP,12919,25.914,-97.423,6.7,10.06,BRO,Brownsville,12919,25.9,-97.43,7,0.29,1.5,NA,,X,X,X,X,X,NA
Camp,camp1y.zip,camp5y.zip,GGG,LONGVIEW E TX RGNL AP,3901,32.385,-94.712,113.7,10.06,SHV,Shreveport,13957,32.45,-93.83,84,0.24,0.37,NA,,X,X,X,X,X,NA
Carson,carson1y.zip,carson5y.zip,AMA,AMARILLO INTL AP,23047,35.23,-101.704,1098.5,10.06,AMA,Amarillo,23047,35.23,-101.7,1095,0.28,1.5,NA,,X,X,X,X,X,NA
Cass,cass1y.zip,cass5y.zip,GGG,LONGVIEW E TX RGNL AP,3901,32.385,-94.712,113.7,10.06,SHV,Shreveport,13957,32.45,-93.83,84,0.2,0.37,NA,,X,X,X,X,X,NA
Castro,castro1y.zip,castro5y.zip,DHT,DALHART MUNI AP,93042,36.02,-102.55,1216,10.06,AMA,Amarillo,23047,35.23,-101.7,1095,0.28,1.5,NA,,X,X,X,X,X,NA
Chambers,chambers1y.zip,chambers5y.zip,BPT,PORT ARTHUR SE TX AP,12917,29.951,-94.021,4.9,10.06,LCH,Lake Charles,3937,30.12,-93.22,5,0.25,0.56,NA,,X,X,X,X,X,NA
Cherokee,cherokee1y.zip,cherokee5y.zip,TYR,TYLER POUNDS FLD,13972,32.354,-95.403,167.9,10.06,SHV,Shreveport,13957,32.45,-93.83,84,0.21,0.37,NA,,X,X,X,X,X,NA
Childress,childress1y.zip,childress5y.zip,CDS,CHILDRESS MUNI AP,23007,34.427,-100.283,595,10.06,AMA,Amarillo,23047,35.23,-101.7,1095,0.28,1.47,NA,,X,X,X,X,X,NA
Clay,clay1y.zip,clay5y.zip,SPS,WICHITA FALLS MUNI AP,13966,33.979,-98.493,313.9,10.06,FWD,Fort Worth,3990,32.8,-97.3,196,0.28,0.6,NA,,X,X,X,X,X,NA
Cochran,cochran1y.zip,cochran5y.zip,LBB,LUBBOCK INTL AP,23042,33.666,-101.823,987.9,10.06,AMA,Amarillo,23047,35.23,-101.7,1095,0.28,1.5,NA,,X,X,X,X,X,NA
Coke,coke1y.zip,coke5y.zip,SJT,SAN ANGELO MATHIS FLD,23034,31.352,-100.495,576.7,10.06,MAF,Midland,23023,31.93,-102.2,873,0.29,1.33,NA,,X,X,X,X,X,NA
Coleman,coleman1y.zip,coleman5y.zip,SJT,SAN ANGELO MATHIS FLD,23034,31.352,-100.495,576.7,10.06,FWD,Fort Worth,3990,32.8,-97.3,196,0.2,0.85,NA,,X,X,X,X,X,NA
Collin,collin1y.zip,collin5y.zip,TKI,MCKINNEY MUNI AP,53914,33.18,-96.59,178.3,10.06,FWD,Fort Worth,3990,32.8,-97.3,196,0.29,0.37,NA,,X,X,X,X,X,NA
Collingsworth,collingsworth1y.zip,collingsworth5y.zip,CDS,CHILDRESS MUNI AP,23007,34.427,-100.283,595,10.06,AMA,Amarillo,23047,35.23,-101.7,1095,0.28,1.39,NA,,X,X,X,X,X,NA
Colorado,colorado1y.zip,colorado5y.zip,CLL,COLLEGE STN,3904,30.589,-96.365,100,7.92,CRP,Corpus Christi,12924,27.77,-97.5,14,0.26,0.6,NA,,X,X,X,X,X,NA
Comal,comal1y.zip,comal5y.zip,BAZ,NEW BRAUNFELS MUNI AP,12971,29.709,-98.046,196.6,10.06,FWD,Fort Worth,3990,32.8,-97.3,196,0.19,0.6,NA,,X,X,X,X,X,NA
Comanche,comanche1y.zip,comanche5y.zip,MWL,MINERAL WELLS AP,93985,32.782,-98.06,296.3,10.06,FWD,Fort Worth,3990,32.8,-97.3,196,0.26,0.71,NA,,X,X,X,X,X,NA
Concho,concho1y.zip,concho5y.zip,SJT,SAN ANGELO MATHIS FLD,23034,31.352,-100.495,576.7,10.06,DRT,Del Rio,22010,29.37,-100.92,313,0.21,0.93,NA,,X,X,X,X,X,NA
Cooke,cooke1y.zip,cooke5y.zip,DTO,DENTON MUNI AP,3991,33.206,-97.199,195.7,10.06,FWD,Fort Worth,3990,32.8,-97.3,196,0.26,0.38,NA,,X,X,X,X,X,NA
Coryell,coryell1y.zip,coryell5y.zip,ACT,WACO RGNL AP,13959,31.619,-97.228,154.8,10.06,FWD,Fort Worth,3990,32.8,-97.3,196,0.24,0.62,NA,,X,X,X,X,X,NA
Cottle,cottle1y.zip,cottle5y.zip,CDS,CHILDRESS MUNI AP,23007,34.427,-100.283,595,10.06,AMA,Amarillo,23047,35.23,-101.7,1095,0.28,1.46,NA,,X,X,X,X,X,NA
Crane,crane1y.zip,crane5y.zip,ODO,ODESSA SCHLEMEYER FLD,3031,31.921,-102.387,914.7,10.06,MAF,Midland,23023,31.93,-102.2,873,0.29,2.5,NA,X,,X,X,X,X,NA
Crockett,crockett1y.zip,crockett5y.zip,MAF,MIDLAND INTL AP,23023,31.948,-102.209,872.3,7.92,DRT,Del Rio,22010,29.37,-100.92,313,0.3,1.54,NA,,X,X,X,X,X,NA
Crosby,crosby1y.zip,crosby5y.zip,LBB,LUBBOCK INTL AP,23042,33.666,-101.823,987.9,10.06,AMA,Amarillo,23047,35.23,-101.7,1095,0.28,1.5,NA,,X,X,X,X,X,NA
Culberson,culberson1y.zip,culberson5y.zip,ELP,EL PASO INTL AP,23044,31.811,-106.376,1193.6,10.06,EPZ,Santa Teresa,3020,31.9,-106.7,1257,0.32,2.52,NA,,X,X,X,X,X,NA
Dallam,dallam1y.zip,dallam5y.zip,DHT,DALHART MUNI AP,93042,36.02,-102.55,1216,10.06,AMA,Amarillo,23047,35.23,-101.7,1095,0.28,1.59,NA,,X,X,X,X,X,NA
Dallas,dallas1y.zip,dallas5y.zip,DFW,DALLAS FT WORTH AP,3927,32.898,-97.019,181.7,10.06,FWD,Fort Worth,3990,32.8,-97.3,196,0.5,0.47,NA,,X,X,X,X,X,NA
Dawson,dawson1y.zip,dawson5y.zip,LBB,LUBBOCK INTL AP,23042,33.666,-101.823,987.9,10.06,MAF,Midland,23023,31.93,-102.2,873,0.28,1.5,NA,,X,X,X,X,X,NA
De Witt,dewitt1y.zip,dewitt5y.zip,VCT,VICTORIA RGNL AP,12912,28.861,-96.93,35.7,10.06,CRP,Corpus Christi,12924,27.77,-97.5,14,0.24,0.83,NA,,X,X,X,X,X,NA
Deaf Smith,deafsmith1y.zip,deafsmith5y.zip,DHT,DALHART MUNI AP,93042,36.02,-102.55,1216,10.06,AMA,Amarillo,23047,35.23,-101.7,1095,0.28,1.5,NA,,X,X,X,X,X,NA
Delta,delta1y.zip,delta5y.zip,TRL,TERRELL MUNI AP,53911,32.71,-96.267,144.8,7.92,SHV,Shreveport,13957,32.45,-93.83,84,0.26,0.37,NA,,X,X,X,X,X,NA
Denton,denton1y.zip,denton5y.zip,DTO,DENTON MUNI AP,3991,33.206,-97.199,195.7,10.06,FWD,Fort Worth,3990,32.8,-97.3,196,0.28,0.42,NA,,X,X,X,X,X,NA
Dickens,dickens1y.zip,dickens5y.zip,LBB,LUBBOCK INTL AP,23042,33.666,-101.823,987.9,10.06,AMA,Amarillo,23047,35.23,-101.7,1095,0.29,1.48,NA,,X,X,X,X,X,NA
Dimmit,dimmit1y.zip,dimmit5y.zip,COT,COTULLA LA SALLE CO AP,12947,28.457,-99.218,146,10.06,DRT,Del Rio,22010,29.37,-100.92,313,0.3,1.5,NA,,X,X,X,X,X,NA
Donley,donley1y.zip,donley5y.zip,AMA,AMARILLO INTL AP,23047,35.23,-101.704,1098.5,10.06,AMA,Amarillo,23047,35.23,-101.7,1095,0.28,1.36,NA,,X,X,X,X,X,NA
Duval,duval1y.zip,duval5y.zip,ALI,ALICE INTL AP,12932,27.741,-98.025,54.9,10.06,CRP,Corpus Christi,12924,27.77,-97.5,14,0.31,1.49,NA,,X,X,X,X,X,NA
Eastland,eastland1y.zip,eastland5y.zip,ABI,ABILENE RGNL AP,13962,32.411,-99.682,545.6,10.06,FWD,Fort Worth,3990,32.8,-97.3,196,0.25,0.78,NA,,X,X,X,X,X,NA
Ector,ector1y.zip,ector5y.zip,ODO,ODESSA SCHLEMEYER FLD,3031,31.921,-102.387,914.7,10.06,MAF,Midland,23023,31.93,-102.2,873,0.3,2.32,NA,X,,X,X,X,X,NA
Edwards,edwards1y.zip,edwards5y.zip,JCT,JUNCTION KIMBLE CO AP,13973,30.511,-99.766,533.1,10.06,DRT,Del Rio,22010,29.37,-100.92,313,0.19,1.07,NA,,X,X,X,X,X,NA
El Paso,elpaso1y.zip,elpaso5y.zip,ELP,EL PASO INTL AP,23044,31.811,-106.376,1193.6,10.06,EPZ,Santa Teresa,3020,31.9,-106.7,1257,0.36,3.38,NA,,X,X,X,X,X,NA
Ellis,ellis1y.zip,ellis5y.zip,CRS,CORSICANA CAMPBELL FLD,53912,32.031,-96.399,136,10.06,SHV,Shreveport,13957,32.45,-93.83,84,0.27,0.59,NA,,X,X,X,X,X,NA
Erath,erath1y.zip,erath5y.zip,MWL,MINERAL WELLS AP,93985,32.782,-98.06,296.3,10.06,FWD,Fort Worth,3990,32.8,-97.3,196,0.26,0.6,NA,,X,X,X,X,X,NA
Falls,falls1y.zip,falls5y.zip,ACT,WACO RGNL AP,13959,31.619,-97.228,154.8,10.06,FWD,Fort Worth,3990,32.8,-97.3,196,0.27,0.6,NA,,X,X,X,X,X,NA
Fannin,fannin1y.zip,fannin5y.zip,TKI,MCKINNEY MUNI AP,53914,33.18,-96.59,178.3,10.06,SHV,Shreveport,13957,32.45,-93.83,84,0.26,0.37,NA,,X,X,X,X,X,NA
Fayette,fayette1y.zip,fayette5y.zip,AUS,AUSTIN BERGSTROM AP,13904,30.183,-97.68,150.9,10.06,FWD,Fort Worth,3990,32.8,-97.3,196,0.25,0.6,NA,,X,X,X,X,X,NA
Fisher,fisher1y.zip,fisher5y.zip,ABI,ABILENE RGNL AP,13962,32.411,-99.682,545.6,10.06,MAF,Midland,23023,31.93,-102.2,873,0.28,0.85,NA,,X,X,X,X,X,NA
Floyd,floyd1y.zip,floyd5y.zip,LBB,LUBBOCK INTL AP,23042,33.666,-101.823,987.9,10.06,AMA,Amarillo,23047,35.23,-101.7,1095,0.28,1.5,NA,,X,X,X,X,X,NA
Foard,foard1y.zip,foard5y.zip,CDS,CHILDRESS MUNI AP,23007,34.427,-100.283,595,10.06,AMA,Amarillo,23047,35.23,-101.7,1095,0.28,0.85,NA,,X,X,X,X,X,NA
Fort Bend,fortbend1y.zip,fortbend5y.zip,SGR,HOUSTON SUGARLAND MEM,12977,29.622,-95.656,25,7.62,LCH,Lake Charles,3937,30.12,-93.22,5,0.27,0.6,NA,,X,X,X,X,X,NA
Franklin,franklin1y.zip,franklin5y.zip,TYR,TYLER POUNDS FLD,13972,32.354,-95.403,167.9,10.06,SHV,Shreveport,13957,32.45,-93.83,84,0.24,0.37,NA,,X,X,X,X,X,NA
Freestone,freestone1y.zip,freestone5y.zip,CRS,CORSICANA CAMPBELL FLD,53912,32.031,-96.399,136,10.06,FWD,Fort Worth,3990,32.8,-97.3,196,0.21,0.38,NA,,X,X,X,X,X,NA
Frio,frio1y.zip,frio5y.zip,COT,COTULLA LA SALLE CO AP,12947,28.457,-99.218,146,10.06,CRP,Corpus Christi,12924,27.77,-97.5,14,0.28,1.17,NA,,X,X,X,X,X,NA
Gaines,gaines1y.zip,gaines5y.zip,LBB,LUBBOCK INTL AP,23042,33.666,-101.823,987.9,10.06,MAF,Midland,23023,31.93,-102.2,873,0.28,1.5,NA,,X,X,X,X,X,NA
Galveston,galveston1y.zip,galveston5y.zip,LBX,ANGLETON BRAZORIA AP,12976,29.11,-95.462,7.3,10.06,LCH,Lake Charles,3937,30.12,-93.22,5,0.37,0.6,NA,,X,X,X,X,X,NA
Garza,garza1y.zip,garza5y.zip,LBB,LUBBOCK INTL AP,23042,33.666,-101.823,987.9,10.06,MAF,Midland,23023,31.93,-102.2,873,0.29,1.5,NA,,X,X,X,X,X,NA
Gillespie,gillespie1y.zip,gillespie5y.zip,JCT,JUNCTION KIMBLE CO AP,13973,30.511,-99.766,533.1,10.06,FWD,Fort Worth,3990,32.8,-97.3,196,0.18,0.82,NA,,X,X,X,X,X,NA
Glasscock,glasscock1y.zip,glasscock5y.zip,MAF,MIDLAND INTL AP,23023,31.948,-102.209,872.3,7.92,MAF,Midland,23023,31.93,-102.2,873,0.29,1.5,NA,,X,X,X,X,X,NA
Goliad,goliad1y.zip,goliad5y.zip,VCT,VICTORIA RGNL AP,12912,28.861,-96.93,35.7,10.06,CRP,Corpus Christi,12924,27.77,-97.5,14,0.23,0.85,NA,,X,X,X,X,X,NA
Gonzales,gonzales1y.zip,gonzales5y.zip,BAZ,NEW BRAUNFELS MUNI AP,12971,29.709,-98.046,196.6,10.06,CRP,Corpus Christi,12924,27.77,-97.5,14,0.22,0.69,NA,,X,X,X,X,X,NA
Gray,gray1y.zip,gray5y.zip,BGD,BORGER HUTCHINSON CO AP,3024,35.695,-101.395,930.9,10.06,AMA,Amarillo,23047,35.23,-101.7,1095,0.28,1.36,NA,,X,X,X,X,X,NA
Grayson,grayson1y.zip,grayson5y.zip,DTO,DENTON MUNI AP,3991,33.206,-97.199,195.7,10.06,FWD,Fort Worth,3990,32.8,-97.3,196,0.27,0.37,NA,,X,X,X,X,X,NA
Gregg,gregg1y.zip,gregg5y.zip,GGG,LONGVIEW E TX RGNL AP,3901,32.385,-94.712,113.7,10.06,SHV,Shreveport,13957,32.45,-93.83,84,0.26,0.37,NA,,X,X,X,X,X,NA
Grimes,grimes1y.zip,grimes5y.zip,CLL,COLLEGE STN,3904,30.589,-96.365,100,7.92,FWD,Fort Worth,3990,32.8,-97.3,196,0.24,0.53,NA,,X,X,X,X,X,NA
Guadalupe,guadalupe1y.zip,guadalupe5y.zip,BAZ,NEW BRAUNFELS MUNI AP,12971,29.709,-98.046,196.6,10.06,CRP,Corpus Christi,12924,27.77,-97.5,14,0.24,0.61,NA,,X,X,X,X,X,NA
Hale,hale1y.zip,hale5y.zip,LBB,LUBBOCK INTL AP,23042,33.666,-101.823,987.9,10.06,AMA,Amarillo,23047,35.23,-101.7,1095,0.28,1.5,NA,,X,X,X,X,X,NA
Hall,hall1y.zip,hall5y.zip,CDS,CHILDRESS MUNI AP,23007,34.427,-100.283,595,10.06,AMA,Amarillo,23047,35.23,-101.7,1095,0.28,1.5,NA,,X,X,X,X,X,NA
Hamilton,hamilton1y.zip,hamilton5y.zip,ACT,WACO RGNL AP,13959,31.619,-97.228,154.8,10.06,FWD,Fort Worth,3990,32.8,-97.3,196,0.25,0.7,NA,,X,X,X,X,X,NA
Hansford,hansford1y.zip,hansford5y.zip,BGD,BORGER HUTCHINSON CO AP,3024,35.695,-101.395,930.9,10.06,AMA,Amarillo,23047,35.23,-101.7,1095,0.28,1.5,NA,,X,X,X,X,X,NA
Hardeman,hardeman1y.zip,hardeman5y.zip,CDS,CHILDRESS MUNI AP,23007,34.427,-100.283,595,10.06,AMA,Amarillo,23047,35.23,-101.7,1095,0.28,0.85,NA,,X,X,X,X,X,NA
Hardin,hardin1y.zip,hardin5y.zip,BPT,PORT ARTHUR SE TX AP,12917,29.951,-94.021,4.9,10.06,LCH,Lake Charles,3937,30.12,-93.22,5,0.18,0.37,NA,,X,X,X,X,X,NA
Harris,harris-iah1y.zip,harris-iah5y.zip,IAH,HOUSTON INTERCONT AP,12960,29.98,-95.36,32,10.06,LCH,Lake Charles,3937,30.12,-93.22,5,0.43,0.56,NA,,X,X,X,X,X,NA
Harris,harris-hou1y.zip,harris-hou5y.zip,HOU,HOUSTON HOBBY AP,12918,29.638,-95.282,14.3,10.06,LCH,Lake Charles,3937,30.12,-93.22,5,0.43,0.56,NA,,X,X,X,X,X,NA
Harrison,harrison1y.zip,harrison5y.zip,GGG,LONGVIEW E TX RGNL AP,3901,32.385,-94.712,113.7,10.06,SHV,Shreveport,13957,32.45,-93.83,84,0.22,0.37,NA,,X,X,X,X,X,NA
Hartley,hartley1y.zip,hartley5y.zip,DHT,DALHART MUNI AP,93042,36.02,-102.55,1216,10.06,AMA,Amarillo,23047,35.23,-101.7,1095,0.28,1.75,NA,,X,X,X,X,X,NA
Haskell,haskell1y.zip,haskell5y.zip,ABI,ABILENE RGNL AP,13962,32.411,-99.682,545.6,10.06,FWD,Fort Worth,3990,32.8,-97.3,196,0.28,0.85,NA,,X,X,X,X,X,NA
Hays,hays1y.zip,hays5y.zip,AUS,AUSTIN BERGSTROM AP,13904,30.183,-97.68,150.9,10.06,FWD,Fort Worth,3990,32.8,-97.3,196,0.2,0.61,NA,,X,X,X,X,X,NA
Hemphill,hemphill1y.zip,hemphill5y.zip,AMA,AMARILLO INTL AP,23047,35.23,-101.704,1098.5,10.06,AMA,Amarillo,23047,35.23,-101.7,1095,0.28,1.38,NA,,X,X,X,X,X,NA
Henderson,henderson1y.zip,henderson5y.zip,CRS,CORSICANA CAMPBELL FLD,53912,32.031,-96.399,136,10.06,SHV,Shreveport,13957,32.45,-93.83,84,0.21,0.38,NA,,X,X,X,X,X,NA
Hidalgo,hidalgo1y.zip,hidalgo5y.zip,MFE,MCALLEN MILLER INTL AP,12959,26.184,-98.254,34.1,10.06,BRO,Brownsville,12919,25.9,-97.43,7,0.31,1.5,NA,,X,X,X,X,X,NA
Hill,hill1y.zip,hill5y.zip,ACT,WACO RGNL AP,13959,31.619,-97.228,154.8,10.06,FWD,Fort Worth,3990,32.8,-97.3,196,0.26,0.6,NA,,X,X,X,X,X,NA
Hockley,hockley1y.zip,hockley5y.zip,LBB,LUBBOCK INTL AP,23042,33.666,-101.823,987.9,10.06,AMA,Amarillo,23047,35.23,-101.7,1095,0.28,1.5,NA,,X,X,X,X,X,NA
Hood,hood1y.zip,hood5y.zip,MWL,MINERAL WELLS AP,93985,32.782,-98.06,296.3,10.06,FWD,Fort Worth,3990,32.8,-97.3,196,0.26,0.6,NA,,X,X,X,X,X,NA
Hopkins,hopkins1y.zip,hopkins5y.zip,TRL,TERRELL MUNI AP,53911,32.71,-96.267,144.8,7.92,SHV,Shreveport,13957,32.45,-93.83,84,0.25,0.37,NA,,X,X,X,X,X,NA
Houston,houston1y.zip,houston5y.zip,LFK,LUFKIN ANGELINA CO AP,93987,31.236,-94.754,96.3,7.92,SHV,Shreveport,13957,32.45,-93.83,84,0.23,0.37,NA,,X,X,X,X,X,NA
Howard,howard1y.zip,howard5y.zip,MAF,MIDLAND INTL AP,23023,31.948,-102.209,872.3,7.92,MAF,Midland,23023,31.93,-102.2,873,0.3,1.5,NA,,X,X,X,X,X,NA
Hudspeth,hudspeth1y.zip,hudspeth5y.zip,ELP,EL PASO INTL AP,23044,31.811,-106.376,1193.6,10.06,EPZ,Santa Teresa,3020,31.9,-106.7,1257,0.32,2.96,NA,,X,X,X,X,X,NA
Hunt,hunt1y.zip,hunt5y.zip,TRL,TERRELL MUNI AP,53911,32.71,-96.267,144.8,7.92,SHV,Shreveport,13957,32.45,-93.83,84,0.27,0.37,NA,,X,X,X,X,X,NA
Hutchinson,hutchinson1y.zip,hutchinson5y.zip,BGD,BORGER HUTCHINSON CO AP,3024,35.695,-101.395,930.9,10.06,AMA,Amarillo,23047,35.23,-101.7,1095,0.28,1.5,NA,,X,X,X,X,X,NA
Irion,irion1y.zip,irion5y.zip,SJT,SAN ANGELO MATHIS FLD,23034,31.352,-100.495,576.7,10.06,DRT,Del Rio,22010,29.37,-100.92,313,0.31,1.5,NA,,X,X,X,X,X,NA
Jack,jack1y.zip,jack5y.zip,MWL,MINERAL WELLS AP,93985,32.782,-98.06,296.3,10.06,FWD,Fort Worth,3990,32.8,-97.3,196,0.21,0.6,NA,,X,X,X,X,X,NA
Jackson,jackson1y.zip,jackson5y.zip,VCT,VICTORIA RGNL AP,12912,28.861,-96.93,35.7,10.06,CRP,Corpus Christi,12924,27.77,-97.5,14,0.27,0.7,NA,,X,X,X,X,X,NA
Jasper,jasper1y.zip,jasper5y.zip,LFK,LUFKIN ANGELINA CO AP,93987,31.236,-94.754,96.3,7.92,LCH,Lake Charles,3937,30.12,-93.22,5,0.18,0.37,NA,,X,X,X,X,X,NA
Jeff Davis,jeffdavis1y.zip,jeffdavis5y.zip,FST,FT STOCKTON PECOS AP,23091,30.912,-102.916,917,10.06,MAF,Midland,23023,31.93,-102.2,873,0.3,1.94,NA,,X,X,X,X,X,NA
Jefferson,jefferson1y.zip,jefferson5y.zip,BPT,PORT ARTHUR SE TX AP,12917,29.951,-94.021,4.9,10.06,LCH,Lake Charles,3937,30.12,-93.22,5,0.31,0.38,NA,,X,X,X,X,X,NA
Jim Hogg,jimhogg1y.zip,jimhogg5y.zip,COT,COTULLA LA SALLE CO AP,12947,28.457,-99.218,146,10.06,DRT,Del Rio,22010,29.37,-100.92,313,0.3,1.5,NA,,X,X,X,X,X,NA
Jim Wells,jimwells1y.zip,jimwells5y.zip,ALI,ALICE INTL AP,12932,27.741,-98.025,54.9,10.06,CRP,Corpus Christi,12924,27.77,-97.5,14,0.27,1.24,NA,,X,X,X,X,X,NA
Johnson,johnson1y.zip,johnson5y.zip,MWL,MINERAL WELLS AP,93985,32.782,-98.06,296.3,10.06,FWD,Fort Worth,3990,32.8,-97.3,196,0.25,0.6,NA,,X,X,X,X,X,NA
Jones,jones1y.zip,jones5y.zip,ABI,ABILENE RGNL AP,13962,32.411,-99.682,545.6,10.06,MAF,Midland,23023,31.93,-102.2,873,0.28,0.85,NA,,X,X,X,X,X,NA
Karnes,karnes1y.zip,karnes5y.zip,BAZ,NEW BRAUNFELS MUNI AP,12971,29.709,-98.046,196.6,10.06,CRP,Corpus Christi,12924,27.77,-97.5,14,0.27,0.85,NA,,X,X,X,X,X,NA
Kaufman,kaufman1y.zip,kaufman5y.zip,TRL,TERRELL MUNI AP,53911,32.71,-96.267,144.8,7.92,SHV,Shreveport,13957,32.45,-93.83,84,0.26,0.38,NA,,X,X,X,X,X,NA
Kendall,kendall1y.zip,kendall5y.zip,BAZ,NEW BRAUNFELS MUNI AP,12971,29.709,-98.046,196.6,10.06,FWD,Fort Worth,3990,32.8,-97.3,196,0.18,0.64,NA,,X,X,X,X,X,NA
Kenedy,kenedy1y.zip,kenedy5y.zip,BRO,BROWNSVILLE INTL AP,12919,25.914,-97.423,6.7,10.06,BRO,Brownsville,12919,25.9,-97.43,7,0.25,1.5,NA,,X,X,X,X,X,NA
Kent,kent1y.zip,kent5y.zip,ABI,ABILENE RGNL AP,13962,32.411,-99.682,545.6,10.06,MAF,Midland,23023,31.93,-102.2,873,0.29,1.5,NA,,X,X,X,X,X,NA
Kerr,kerr1y.zip,kerr5y.zip,JCT,JUNCTION KIMBLE CO AP,13973,30.511,-99.766,533.1,10.06,FWD,Fort Worth,3990,32.8,-97.3,196,0.18,0.83,NA,,X,X,X,X,X,NA
Kimble,kimble1y.zip,kimble5y.zip,JCT,JUNCTION KIMBLE CO AP,13973,30.511,-99.766,533.1,10.06,DRT,Del Rio,22010,29.37,-100.92,313,0.18,0.86,NA,,X,X,X,X,X,NA
King,king1y.zip,king5y.zip,CDS,CHILDRESS MUNI AP,23007,34.427,-100.283,595,10.06,AMA,Amarillo,23047,35.23,-101.7,1095,0.29,0.95,NA,,X,X,X,X,X,NA
Kinney,kinney1y.zip,kinney5y.zip,DRT,DEL RIO INTL AP,22010,29.378,-100.927,313,10.06,DRT,Del Rio,22010,29.37,-100.92,313,0.3,1.32,NA,,X,X,X,X,X,NA
Kleberg,kleberg1y.zip,kleberg5y.zip,CRP,CORPUS CHRISTI INTL AP,12924,27.774,-97.512,13.4,10.06,CRP,Corpus Christi,12924,27.77,-97.5,14,0.27,1.49,NA,,X,X,X,X,X,NA
Knox,knox1y.zip,knox5y.zip,CDS,CHILDRESS MUNI AP,23007,34.427,-100.283,595,10.06,FWD,Fort Worth,3990,32.8,-97.3,196,0.28,0.85,NA,,X,X,X,X,X,NA
La Salle,lasalle1y.zip,lasalle5y.zip,COT,COTULLA LA SALLE CO AP,12947,28.457,-99.218,146,10.06,DRT,Del Rio,22010,29.37,-100.92,313,0.3,1.5,NA,,X,X,X,X,X,NA
Lamar,lamar1y.zip,lamar5y.zip,TRL,TERRELL MUNI AP,53911,32.71,-96.267,144.8,7.92,SHV,Shreveport,13957,32.45,-93.83,84,0.25,0.37,NA,,X,X,X,X,X,NA
Lamb,lamb1y.zip,lamb5y.zip,LBB,LUBBOCK INTL AP,23042,33.666,-101.823,987.9,10.06,AMA,Amarillo,23047,35.23,-101.7,1095,0.28,1.5,NA,,X,X,X,X,X,NA
Lampasas,lampasas1y.zip,lampasas5y.zip,BMQ,BURNET MUNI AP,3999,30.741,-98.235,392.6,10.06,FWD,Fort Worth,3990,32.8,-97.3,196,0.19,0.8,NA,,X,X,X,X,X,NA
Lavaca,lavaca1y.zip,lavaca5y.zip,VCT,VICTORIA RGNL AP,12912,28.861,-96.93,35.7,10.06,CRP,Corpus Christi,12924,27.77,-97.5,14,0.25,0.64,NA,,X,X,X,X,X,NA
Lee,lee1y.zip,lee5y.zip,CLL,COLLEGE STN,3904,30.589,-96.365,100,7.92,FWD,Fort Worth,3990,32.8,-97.3,196,0.23,0.6,NA,,X,X,X,X,X,NA
Leon,leon1y.zip,leon5y.zip,UTS,HUNTSVILLE MUNI AP,53903,30.744,-95.586,111.6,10.06,FWD,Fort Worth,3990,32.8,-97.3,196,0.22,0.43,NA,,X,X,X,X,X,NA
Liberty,liberty1y.zip,liberty5y.zip,IAH,HOUSTON INTERCONT AP,12960,29.98,-95.36,32,10.06,LCH,Lake Charles,3937,30.12,-93.22,5,0.22,0.38,NA,,X,X,X,X,X,NA
Limestone,limestone1y.zip,limestone5y.zip,CRS,CORSICANA CAMPBELL FLD,53912,32.031,-96.399,136,10.06,FWD,Fort Worth,3990,32.8,-97.3,196,0.24,0.5,NA,,X,X,X,X,X,NA
Lipscomb,lipscomb1y.zip,lipscomb5y.zip,BGD,BORGER HUTCHINSON CO AP,3024,35.695,-101.395,930.9,10.06,AMA,Amarillo,23047,35.23,-101.7,1095,0.29,1.33,NA,,X,X,X,X,X,NA
Live Oak,liveoak1y.zip,liveoak5y.zip,ALI,ALICE INTL AP,12932,27.741,-98.025,54.9,10.06,CRP,Corpus Christi,12924,27.77,-97.5,14,0.29,0.93,NA,,X,X,X,X,X,NA
Llano,llano1y.zip,llano5y.zip,BMQ,BURNET MUNI AP,3999,30.741,-98.235,392.6,10.06,FWD,Fort Worth,3990,32.8,-97.3,196,0.18,0.85,NA,,X,X,X,X,X,NA
Loving,loving1y.zip,loving5y.zip,INK,WINKLER CO AP,23040,31.78,-103.202,859.5,10.06,MAF,Midland,23023,31.93,-102.2,873,0.3,2.77,NA,X,,X,X,X,X,NA
Lubbock,lubbock1y.zip,lubbock5y.zip,LBB,LUBBOCK INTL AP,23042,33.666,-101.823,987.9,10.06,AMA,Amarillo,23047,35.23,-101.7,1095,0.32,1.5,NA,,X,X,X,X,X,NA
Lynn,lynn1y.zip,lynn5y.zip,LBB,LUBBOCK INTL AP,23042,33.666,-101.823,987.9,10.06,MAF,Midland,23023,31.93,-102.2,873,0.28,1.5,NA,,X,X,X,X,X,NA
Madison,madison1y.zip,madison5y.zip,UTS,HUNTSVILLE MUNI AP,53903,30.744,-95.586,111.6,10.06,SHV,Shreveport,13957,32.45,-93.83,84,0.22,0.39,NA,,X,X,X,X,X,NA
Marion,marion1y.zip,marion5y.zip,GGG,LONGVIEW E TX RGNL AP,3901,32.385,-94.712,113.7,10.06,SHV,Shreveport,13957,32.45,-93.83,84,0.19,0.37,NA,,X,X,X,X,X,NA
Martin,martin1y.zip,martin5y.zip,MAF,MIDLAND INTL AP,23023,31.948,-102.209,872.3,7.92,MAF,Midland,23023,31.93,-102.2,873,0.28,1.5,NA,,X,X,X,X,X,NA
Mason,mason1y.zip,mason5y.zip,JCT,JUNCTION KIMBLE CO AP,13973,30.511,-99.766,533.1,10.06,FWD,Fort Worth,3990,32.8,-97.3,196,0.18,0.85,NA,,X,X,X,X,X,NA
Matagorda,matagorda1y.zip,matagorda5y.zip,PSX,PALACIOS MUNI AP,12935,28.725,-96.254,4.6,10.06,CRP,Corpus Christi,12924,27.77,-97.5,14,0.26,0.66,NA,,X,X,X,X,X,NA
Maverick,maverick1y.zip,maverick5y.zip,COT,COTULLA LA SALLE CO AP,12947,28.457,-99.218,146,10.06,DRT,Del Rio,22010,29.37,-100.92,313,0.32,1.5,NA,,X,X,X,X,X,NA
McCulloch,mcculloch1y.zip,mcculloch5y.zip,JCT,JUNCTION KIMBLE CO AP,13973,30.511,-99.766,533.1,10.06,FWD,Fort Worth,3990,32.8,-97.3,196,0.19,0.85,NA,,X,X,X,X,X,NA
McLennan,mclennan1y.zip,mclennan5y.zip,ACT,WACO RGNL AP,13959,31.619,-97.228,154.8,10.06,FWD,Fort Worth,3990,32.8,-97.3,196,0.28,0.6,NA,,X,X,X,X,X,NA
McMullen,mcmullen1y.zip,mcmullen5y.zip,COT,COTULLA LA SALLE CO AP,12947,28.457,-99.218,146,10.06,CRP,Corpus Christi,12924,27.77,-97.5,14,0.31,1.43,NA,,X,X,X,X,X,NA
Medina,medina1y.zip,medina5y.zip,HDO,HONDO MUNI AP,12962,29.367,-99.167,283,10.06,CRP,Corpus Christi,12924,27.77,-97.5,14,0.26,0.83,NA,,X,X,X,X,X,NA
Menard,menard1y.zip,menard5y.zip,JCT,JUNCTION KIMBLE CO AP,13973,30.511,-99.766,533.1,10.06,DRT,Del Rio,22010,29.37,-100.92,313,0.18,0.88,NA,,X,X,X,X,X,NA
Midland,midland1y.zip,midland5y.zip,MAF,MIDLAND INTL AP,23023,31.948,-102.209,872.3,7.92,MAF,Midland,23023,31.93,-102.2,873,0.31,1.78,NA,,X,X,X,X,X,NA
Milam,milam1y.zip,milam5y.zip,CLL,COLLEGE STN,3904,30.589,-96.365,100,7.92,FWD,Fort Worth,3990,32.8,-97.3,196,0.24,0.6,NA,,X,X,X,X,X,NA
Mills,mills1y.zip,mills5y.zip,BMQ,BURNET MUNI AP,3999,30.741,-98.235,392.6,10.06,FWD,Fort Worth,3990,32.8,-97.3,196,0.22,0.85,NA,,X,X,X,X,X,NA
Mitchell,mitchell1y.zip,mitchell5y.zip,ABI,ABILENE RGNL AP,13962,32.411,-99.682,545.6,10.06,MAF,Midland,23023,31.93,-102.2,873,0.29,1.47,NA,,X,X,X,X,X,NA
Montague,montague1y.zip,montague5y.zip,SPS,WICHITA FALLS MUNI AP,13966,33.979,-98.493,313.9,10.06,FWD,Fort Worth,3990,32.8,-97.3,196,0.25,0.59,NA,,X,X,X,X,X,NA
Montgomery,montgomery1y.zip,montgomery5y.zip,CXO,CONROE MONTGOMERY CO AP,53902,30.357,-95.414,75.3,7.92,LCH,Lake Charles,3937,30.12,-93.22,5,0.19,0.45,NA,,X,X,X,X,X,NA
Moore,moore1y.zip,moore5y.zip,BGD,BORGER HUTCHINSON CO AP,3024,35.695,-101.395,930.9,10.06,AMA,Amarillo,23047,35.23,-101.7,1095,0.28,1.5,NA,,X,X,X,X,X,NA
Morris,morris1y.zip,morris5y.zip,GGG,LONGVIEW E TX RGNL AP,3901,32.385,-94.712,113.7,10.06,SHV,Shreveport,13957,32.45,-93.83,84,0.22,0.37,NA,,X,X,X,X,X,NA
Motley,motley1y.zip,motley5y.zip,CDS,CHILDRESS MUNI AP,23007,34.427,-100.283,595,10.06,AMA,Amarillo,23047,35.23,-101.7,1095,0.28,1.5,NA,,X,X,X,X,X,NA
Nacogdoches,nacogdoches1y.zip,nacogdoches5y.zip,LFK,LUFKIN ANGELINA CO AP,93987,31.236,-94.754,96.3,7.92,SHV,Shreveport,13957,32.45,-93.83,84,0.18,0.37,NA,,X,X,X,X,X,NA
Navarro,navarro1y.zip,navarro5y.zip,CRS,CORSICANA CAMPBELL FLD,53912,32.031,-96.399,136,10.06,SHV,Shreveport,13957,32.45,-93.83,84,0.23,0.58,NA,,X,X,X,X,X,NA
Newton,newton1y.zip,newton5y.zip,LFK,LUFKIN ANGELINA CO AP,93987,31.236,-94.754,96.3,7.92,LCH,Lake Charles,3937,30.12,-93.22,5,0.18,0.37,NA,,X,X,X,X,X,NA
Nolan,nolan1y.zip,nolan5y.zip,ABI,ABILENE RGNL AP,13962,32.411,-99.682,545.6,10.06,MAF,Midland,23023,31.93,-102.2,873,0.3,0.88,NA,,X,X,X,X,X,NA
Nueces,nueces1y.zip,nueces5y.zip,CRP,CORPUS CHRISTI INTL AP,12924,27.774,-97.512,13.4,10.06,CRP,Corpus Christi,12924,27.77,-97.5,14,0.35,1.24,NA,,X,X,X,X,X,NA
Ochiltree,ochiltree1y.zip,ochiltree5y.zip,BGD,BORGER HUTCHINSON CO AP,3024,35.695,-101.395,930.9,10.06,AMA,Amarillo,23047,35.23,-101.7,1095,0.28,1.5,NA,,X,X,X,X,X,NA
Oldham,oldham1y.zip,oldham5y.zip,DHT,DALHART MUNI AP,93042,36.02,-102.55,1216,10.06,AMA,Amarillo,23047,35.23,-101.7,1095,0.29,1.5,NA,,X,X,X,X,X,NA
Orange,orange1y.zip,orange5y.zip,BPT,PORT ARTHUR SE TX AP,12917,29.951,-94.021,4.9,10.06,LCH,Lake Charles,3937,30.12,-93.22,5,0.23,0.37,NA,,X,X,X,X,X,NA
Palo Pinto,palopinto1y.zip,palopinto5y.zip,MWL,MINERAL WELLS AP,93985,32.782,-98.06,296.3,10.06,FWD,Fort Worth,3990,32.8,-97.3,196,0.19,0.6,NA,,X,X,X,X,X,NA
Panola,panola1y.zip,panola5y.zip,GGG,LONGVIEW E TX RGNL AP,3901,32.385,-94.712,113.7,10.06,SHV,Shreveport,13957,32.45,-93.83,84,0.19,0.37,NA,,X,X,X,X,X,NA
Parker,parker1y.zip,parker5y.zip,MWL,MINERAL WELLS AP,93985,32.782,-98.06,296.3,10.06,FWD,Fort Worth,3990,32.8,-97.3,196,0.25,0.6,NA,,X,X,X,X,X,NA
Parmer,parmer1y.zip,parmer5y.zip,DHT,DALHART MUNI AP,93042,36.02,-102.55,1216,10.06,AMA,Amarillo,23047,35.23,-101.7,1095,0.28,1.5,NA,,X,X,X,X,X,NA
Pecos,pecos1y.zip,pecos5y.zip,FST,FT STOCKTON PECOS AP,23091,30.912,-102.916,917,10.06,DRT,Del Rio,22010,29.37,-100.92,313,0.3,2.3,NA,,X,X,X,X,X,NA
Polk,polk1y.zip,polk5y.zip,LFK,LUFKIN ANGELINA CO AP,93987,31.236,-94.754,96.3,7.92,LCH,Lake Charles,3937,30.12,-93.22,5,0.18,0.37,NA,,X,X,X,X,X,NA
Potter,potter1y.zip,potter5y.zip,AMA,AMARILLO INTL AP,23047,35.23,-101.704,1098.5,10.06,AMA,Amarillo,23047,35.23,-101.7,1095,0.31,1.5,NA,,X,X,X,X,X,NA
Presidio,presidio1y.zip,presidio5y.zip,ELP,EL PASO INTL AP,23044,31.811,-106.376,1193.6,10.06,EPZ,Santa Teresa,3020,31.9,-106.7,1257,0.33,1.96,NA,,X,X,X,X,X,NA
Rains,rains1y.zip,rains5y.zip,TRL,TERRELL MUNI AP,53911,32.71,-96.267,144.8,7.92,SHV,Shreveport,13957,32.45,-93.83,84,0.22,0.37,NA,,X,X,X,X,X,NA
Randall,randall1y.zip,randall5y.zip,AMA,AMARILLO INTL AP,23047,35.23,-101.704,1098.5,10.06,AMA,Amarillo,23047,35.23,-101.7,1095,0.29,1.5,NA,,X,X,X,X,X,NA
Reagan,reagan1y.zip,reagan5y.zip,MAF,MIDLAND INTL AP,23023,31.948,-102.209,872.3,7.92,DRT,Del Rio,22010,29.37,-100.92,313,0.3,1.5,NA,,X,X,X,X,X,NA
Real,real1y.zip,real5y.zip,JCT,JUNCTION KIMBLE CO AP,13973,30.511,-99.766,533.1,10.06,DRT,Del Rio,22010,29.37,-100.92,313,0.18,0.85,NA,,X,X,X,X,X,NA
Red River,redriver1y.zip,redriver5y.zip,GGG,LONGVIEW E TX RGNL AP,3901,32.385,-94.712,113.7,10.06,SHV,Shreveport,13957,32.45,-93.83,84,0.23,0.37,NA,,X,X,X,X,X,NA
Reeves,reeves1y.zip,reeves5y.zip,INK,WINKLER CO AP,23040,31.78,-103.202,859.5,10.06,MAF,Midland,23023,31.93,-102.2,873,0.32,3.01,NA,X,,X,X,X,X,NA
Refugio,refugio1y.zip,refugio5y.zip,RKP,ROCKPORT ARANSAS CO AP,12972,28.084,-97.046,5.8,10.06,CRP,Corpus Christi,12924,27.77,-97.5,14,0.29,0.85,NA,,X,X,X,X,X,NA
Roberts,roberts1y.zip,roberts5y.zip,BGD,BORGER HUTCHINSON CO AP,3024,35.695,-101.395,930.9,10.06,AMA,Amarillo,23047,35.23,-101.7,1095,0.28,1.5,NA,,X,X,X,X,X,NA
Robertson,robertson1y.zip,robertson5y.zip,CLL,COLLEGE STN,3904,30.589,-96.365,100,7.92,FWD,Fort Worth,3990,32.8,-97.3,196,0.23,0.6,NA,,X,X,X,X,X,NA
Rockwall,rockwall1y.zip,rockwall5y.zip,TRL,TERRELL MUNI AP,53911,32.71,-96.267,144.8,7.92,FWD,Fort Worth,3990,32.8,-97.3,196,0.26,0.37,NA,,X,X,X,X,X,NA
Runnels,runnels1y.zip,runnels5y.zip,ABI,ABILENE RGNL AP,13962,32.411,-99.682,545.6,10.06,FWD,Fort Worth,3990,32.8,-97.3,196,0.25,0.93,NA,,X,X,X,X,X,NA
Rusk,rusk1y.zip,rusk5y.zip,GGG,LONGVIEW E TX RGNL AP,3901,32.385,-94.712,113.7,10.06,SHV,Shreveport,13957,32.45,-93.83,84,0.2,0.37,NA,,X,X,X,X,X,NA
Sabine,sabine1y.zip,sabine5y.zip,LFK,LUFKIN ANGELINA CO AP,93987,31.236,-94.754,96.3,7.92,SHV,Shreveport,13957,32.45,-93.83,84,0.17,0.37,NA,,X,X,X,X,X,NA
San Augustine,sanaugustine1y.zip,sanaugustine5y.zip,LFK,LUFKIN ANGELINA CO AP,93987,31.236,-94.754,96.3,7.92,SHV,Shreveport,13957,32.45,-93.83,84,0.18,0.37,NA,,X,X,X,X,X,NA
San Jacinto,sanjacinto1y.zip,sanjacinto5y.zip,UTS,HUNTSVILLE MUNI AP,53903,30.744,-95.586,111.6,10.06,LCH,Lake Charles,3937,30.12,-93.22,5,0.19,0.37,NA,,X,X,X,X,X,NA
San Patricio,sanpatricio1y.zip,sanpatricio5y.zip,CRP,CORPUS CHRISTI INTL AP,12924,27.774,-97.512,13.4,10.06,CRP,Corpus Christi,12924,27.77,-97.5,14,0.28,0.85,NA,,X,X,X,X,X,NA
San Saba,sansaba1y.zip,sansaba5y.zip,BMQ,BURNET MUNI AP,3999,30.741,-98.235,392.6,10.06,FWD,Fort Worth,3990,32.8,-97.3,196,0.18,0.85,NA,,X,X,X,X,X,NA
Schleicher,schleicher1y.zip,schleicher5y.zip,SJT,SAN ANGELO MATHIS FLD,23034,31.352,-100.495,576.7,10.06,DRT,Del Rio,22010,29.37,-100.92,313,0.27,1.39,NA,,X,X,X,X,X,NA
Scurry,scurry1y.zip,scurry5y.zip,ABI,ABILENE RGNL AP,13962,32.411,-99.682,545.6,10.06,MAF,Midland,23023,31.93,-102.2,873,0.28,1.43,NA,,X,X,X,X,X,NA
Shackelford,shackelford1y.zip,shackelford5y.zip,ABI,ABILENE RGNL AP,13962,32.411,-99.682,545.6,10.06,FWD,Fort Worth,3990,32.8,-97.3,196,0.29,0.85,NA,,X,X,X,X,X,NA
Shelby,shelby1y.zip,shelby5y.zip,LFK,LUFKIN ANGELINA CO AP,93987,31.236,-94.754,96.3,7.92,SHV,Shreveport,13957,32.45,-93.83,84,0.18,0.37,NA,,X,X,X,X,X,NA
Sherman,sherman1y.zip,sherman5y.zip,DHT,DALHART MUNI AP,93042,36.02,-102.55,1216,10.06,AMA,Amarillo,23047,35.23,-101.7,1095,0.28,1.5,NA,,X,X,X,X,X,NA
Smith,smith1y.zip,smith5y.zip,TYR,TYLER POUNDS FLD,13972,32.354,-95.403,167.9,10.06,SHV,Shreveport,13957,32.45,-93.83,84,0.22,0.37,NA,,X,X,X,X,X,NA
Somervell,somervell1y.zip,somervell5y.zip,MWL,MINERAL WELLS AP,93985,32.782,-98.06,296.3,10.06,FWD,Fort Worth,3990,32.8,-97.3,196,0.25,0.6,NA,,X,X,X,X,X,NA
Starr,starr1y.zip,starr5y.zip,ALI,ALICE INTL AP,12932,27.741,-98.025,54.9,10.06,DRT,Del Rio,22010,29.37,-100.92,313,0.31,1.5,NA,,X,X,X,X,X,NA
Stephens,stephens1y.zip,stephens5y.zip,MWL,MINERAL WELLS AP,93985,32.782,-98.06,296.3,10.06,FWD,Fort Worth,3990,32.8,-97.3,196,0.2,0.76,NA,,X,X,X,X,X,NA
Sterling,sterling1y.zip,sterling5y.zip,SJT,SAN ANGELO MATHIS FLD,23034,31.352,-100.495,576.7,10.06,MAF,Midland,23023,31.93,-102.2,873,0.31,1.5,NA,,X,X,X,X,X,NA
Stonewall,stonewall1y.zip,stonewall5y.zip,ABI,ABILENE RGNL AP,13962,32.411,-99.682,545.6,10.06,MAF,Midland,23023,31.93,-102.2,873,0.29,1.03,NA,,X,X,X,X,X,NA
Sutton,sutton1y.zip,sutton5y.zip,JCT,JUNCTION KIMBLE CO AP,13973,30.511,-99.766,533.1,10.06,DRT,Del Rio,22010,29.37,-100.92,313,0.25,1.42,NA,,X,X,X,X,X,NA
Swisher,swisher1y.zip,swisher5y.zip,AMA,AMARILLO INTL AP,23047,35.23,-101.704,1098.5,10.06,AMA,Amarillo,23047,35.23,-101.7,1095,0.28,1.5,NA,,X,X,X,X,X,NA
Tarrant,tarrant1y.zip,tarrant5y.zip,DFW,DALLAS FT WORTH AP,3927,32.898,-97.019,181.7,10.06,FWD,Fort Worth,3990,32.8,-97.3,196,0.44,0.6,NA,,X,X,X,X,X,NA
Taylor,taylor1y.zip,taylor5y.zip,ABI,ABILENE RGNL AP,13962,32.411,-99.682,545.6,10.06,MAF,Midland,23023,31.93,-102.2,873,0.31,0.85,NA,,X,X,X,X,X,NA
Terrell,terrell1y.zip,terrell5y.zip,FST,FT STOCKTON PECOS AP,23091,30.912,-102.916,917,10.06,DRT,Del Rio,22010,29.37,-100.92,313,0.3,2.2,NA,,X,X,X,X,X,NA
Terry,terry1y.zip,terry5y.zip,LBB,LUBBOCK INTL AP,23042,33.666,-101.823,987.9,10.06,AMA,Amarillo,23047,35.23,-101.7,1095,0.28,1.5,NA,,X,X,X,X,X,NA
Throckmorton,throckmorton1y.zip,throckmorton5y.zip,SPS,WICHITA FALLS MUNI AP,13966,33.979,-98.493,313.9,10.06,FWD,Fort Worth,3990,32.8,-97.3,196,0.29,0.85,NA,,X,X,X,X,X,NA
Titus,titus1y.zip,titus5y.zip,GGG,LONGVIEW E TX RGNL AP,3901,32.385,-94.712,113.7,10.06,SHV,Shreveport,13957,32.45,-93.83,84,0.24,0.37,NA,,X,X,X,X,X,NA
Tom Green,tomgreen1y.zip,tomgreen5y.zip,SJT,SAN ANGELO MATHIS FLD,23034,31.352,-100.495,576.7,10.06,DRT,Del Rio,22010,29.37,-100.92,313,0.31,1.49,NA,,X,X,X,X,X,NA
Travis,travis-att1y.zip,travis-att5y.zip,ATT,AUSTIN MUELLER MUNI AP,13958,30.321,-97.76,200.6,10.06,FWD,Fort Worth,3990,32.8,-97.3,196,0.27,0.62,NA,X,X,X,X,X,,NA
Travis,travis-aus1y.zip,travis-aus5y.zip,AUS,AUSTIN BERGSTROM AP,13904,30.183,-97.68,150.9,10.06,FWD,Fort Worth,3990,32.8,-97.3,196,0.27,0.62,NA,,X,X,X,X,X,NA
Trinity,trinity1y.zip,trinity5y.zip,UTS,HUNTSVILLE MUNI AP,53903,30.744,-95.586,111.6,10.06,SHV,Shreveport,13957,32.45,-93.83,84,0.18,0.37,NA,,X,X,X,X,X,NA
Tyler,tyler1y.zip,tyler5y.zip,LFK,LUFKIN ANGELINA CO AP,93987,31.236,-94.754,96.3,7.92,LCH,Lake Charles,3937,30.12,-93.22,5,0.18,0.37,NA,,X,X,X,X,X,NA
Upshur,upshur1y.zip,upshur5y.zip,GGG,LONGVIEW E TX RGNL AP,3901,32.385,-94.712,113.7,10.06,SHV,Shreveport,13957,32.45,-93.83,84,0.23,0.37,NA,,X,X,X,X,X,NA
Upton,upton1y.zip,upton5y.zip,MAF,MIDLAND INTL AP,23023,31.948,-102.209,872.3,7.92,MAF,Midland,23023,31.93,-102.2,873,0.3,1.93,NA,,X,X,X,X,X,NA
Uvalde,uvalde1y.zip,uvalde5y.zip,HDO,HONDO MUNI AP,12962,29.367,-99.167,283,10.06,DRT,Del Rio,22010,29.37,-100.92,313,0.26,0.96,NA,,X,X,X,X,X,NA
Val Verde,valverde1y.zip,valverde5y.zip,DRT,DEL RIO INTL AP,22010,29.378,-100.927,313,10.06,DRT,Del Rio,22010,29.37,-100.92,313,0.3,1.5,NA,,X,X,X,X,X,NA
Van Zandt,vanzandt1y.zip,vanzandt5y.zip,TRL,TERRELL MUNI AP,53911,32.71,-96.267,144.8,7.92,SHV,Shreveport,13957,32.45,-93.83,84,0.24,0.37,NA,,X,X,X,X,X,NA
Victoria,victoria1y.zip,victoria5y.zip,VCT,VICTORIA RGNL AP,12912,28.861,-96.93,35.7,10.06,CRP,Corpus Christi,12924,27.77,-97.5,14,0.28,0.79,NA,,X,X,X,X,X,NA
Walker,walker1y.zip,walker5y.zip,UTS,HUNTSVILLE MUNI AP,53903,30.744,-95.586,111.6,10.06,LCH,Lake Charles,3937,30.12,-93.22,5,0.21,0.39,NA,,X,X,X,X,X,NA
Waller,waller1y.zip,waller5y.zip,SGR,HOUSTON SUGARLAND MEM,12977,29.622,-95.656,25,7.62,LCH,Lake Charles,3937,30.12,-93.22,5,0.27,0.6,NA,,X,X,X,X,X,NA
Ward,ward1y.zip,ward5y.zip,INK,WINKLER CO AP,23040,31.78,-103.202,859.5,10.06,MAF,Midland,23023,31.93,-102.2,873,0.3,2.61,NA,X,,X,X,X,X,NA
Washington,washington1y.zip,washington5y.zip,CLL,COLLEGE STN,3904,30.589,-96.365,100,7.92,FWD,Fort Worth,3990,32.8,-97.3,196,0.26,0.6,NA,,X,X,X,X,X,NA
Webb,webb1y.zip,webb5y.zip,COT,COTULLA LA SALLE CO AP,12947,28.457,-99.218,146,10.06,DRT,Del Rio,22010,29.37,-100.92,313,0.32,1.5,NA,,X,X,X,X,X,NA
Wharton,wharton1y.zip,wharton5y.zip,SGR,HOUSTON SUGARLAND MEM,12977,29.622,-95.656,25,7.62,CRP,Corpus Christi,12924,27.77,-97.5,14,0.27,0.6,NA,,X,X,X,X,X,NA
Wheeler,wheeler1y.zip,wheeler5y.zip,CDS,CHILDRESS MUNI AP,23007,34.427,-100.283,595,10.06,AMA,Amarillo,23047,35.23,-101.7,1095,0.28,1.25,NA,,X,X,X,X,X,NA
Wichita,wichita1y.zip,wichita5y.zip,SPS,WICHITA FALLS MUNI AP,13966,33.979,-98.493,313.9,10.06,FWD,Fort Worth,3990,32.8,-97.3,196,0.3,0.66,NA,,X,X,X,X,X,NA
Wilbarger,wilbarger1y.zip,wilbarger5y.zip,SPS,WICHITA FALLS MUNI AP,13966,33.979,-98.493,313.9,10.06,FWD,Fort Worth,3990,32.8,-97.3,196,0.28,0.84,NA,,X,X,X,X,X,NA
Willacy,willacy1y.zip,willacy5y.zip,BRO,BROWNSVILLE INTL AP,12919,25.914,-97.423,6.7,10.06,BRO,Brownsville,12919,25.9,-97.43,7,0.27,1.5,NA,,X,X,X,X,X,NA
Williamson,williamson1y.zip,williamson5y.zip,AUS,AUSTIN BERGSTROM AP,13904,30.183,-97.68,150.9,10.06,FWD,Fort Worth,3990,32.8,-97.3,196,0.25,0.6,NA,,X,X,X,X,X,NA
Wilson,wilson1y.zip,wilson5y.zip,BAZ,NEW BRAUNFELS MUNI AP,12971,29.709,-98.046,196.6,10.06,CRP,Corpus Christi,12924,27.77,-97.5,14,0.25,0.83,NA,,X,X,X,X,X,NA
Winkler,winkler1y.zip,winkler5y.zip,INK,WINKLER CO AP,23040,31.78,-103.202,859.5,10.06,MAF,Midland,23023,31.93,-102.2,873,0.3,2.49,NA,X,,X,X,X,X,NA
Wise,wise1y.zip,wise5y.zip,DTO,DENTON MUNI AP,3991,33.206,-97.199,195.7,10.06,FWD,Fort Worth,3990,32.8,-97.3,196,0.25,0.56,NA,,X,X,X,X,X,NA
Wood,wood1y.zip,wood5y.zip,TYR,TYLER POUNDS FLD,13972,32.354,-95.403,167.9,10.06,SHV,Shreveport,13957,32.45,-93.83,84,0.22,0.37,NA,,X,X,X,X,X,NA
Yoakum,yoakum1y.zip,yoakum5y.zip,LBB,LUBBOCK INTL AP,23042,33.666,-101.823,987.9,10.06,AMA,Amarillo,23047,35.23,-101.7,1095,0.28,1.5,NA,,X,X,X,X,X,NA
Young,young1y.zip,young5y.zip,MWL,MINERAL WELLS AP,93985,32.782,-98.06,296.3,10.06,FWD,Fort Worth,3990,32.8,-97.3,196,0.25,0.6,NA,,X,X,X,X,X,NA
Zapata,zapata1y.zip,zapata5y.zip,COT,COTULLA LA SALLE CO AP,12947,28.457,-99.218,146,10.06,DRT,Del Rio,22010,29.37,-100.92,313,0.3,1.5,NA,,X,X,X,X,X,NA
Zavala,zavala1y.zip,zavala5y.zip,COT,COTULLA LA SALLE CO AP,12947,28.457,-99.218,146,10.06,DRT,Del Rio,22010,29.37,-100.92,313,0.31,1.49,NA,,X,X,X,X,X,NA
